Title,Product URL,Image URL,Common Name,Care Level,Maximum Size,pH,Temperature,Life Span,Behaviour,Tank Region,Gender
Amano Shrimp,https://eastoceansg.com/products/amano-shrimp-5-pcs,https://cdn.shopify.com/s/files/1/0430/9870/1992/products/amano_ac8070be-dec5-4157-b15a-8ad054fac8db.jpg?v=1647687180,"Amano Shrimp, Yamato Shrimp",Easy,5 cm,6.0 - 7.0,15.5°C - 27°C,2 - 3 years,Peaceful,Bottom,The females tend to be bigger than males
Otocinclus Catfish,https://eastoceansg.com/products/otocinclus-catfish-5-pcs,https://cdn.shopify.com/s/files/1/0430/9870/1992/products/otoc_e0ee11a8-8ef4-46f6-af2e-145353cd8495.jpg?v=1647684427,"Otto, Oto Cat, Dwarf Sucking Catfish, Midget Sucker Fish",Easy,5 cm,6 - 7.5,21°C - 26°C,3 - 5 years,Very peaceful,Mostly middle to top,The male is usually smaller than a female of the same age
Fire Red Shrimp,https://eastoceansg.com/products/fire-red-shrimp-10-pcs,https://cdn.shopify.com/s/files/1/0430/9870/1992/products/firered_1395422b-3ea2-40a5-8e80-4f2a83d41f99.jpg?v=1647687306,"Fire Shrimp, Red Fire Shrimp, Blood Red Shrimp",Easy,3 cm,8.1 - 8.4,25°C - 28°C,2 years and longer,May fight with other red fire shrimp and possibly other cleaner shrimps,Stays near its cave or ledge in thelive rock.,Hermaphrodites - has both male and female reproductive organs.
Galaxy Rasbora,https://eastoceansg.com/products/galaxy-rasbora-5-for-15,https://cdn.shopify.com/s/files/1/0430/9870/1992/products/galaxycopy_af1f1fbb-613c-46a7-89b2-99219d3a7654.jpg?v=1647684788,"Galaxy Rasbora,Celestial Pearl Danio",Easy,2.5 cm,6.5 - 7.5,23°C - 26°C,years,"Peaceful, schooling",Bottom,The difference between males and females is not very noticeable also is often the male is slimmer and has brighter colors and the female is rather more roundabout. Is an
Colored Zebra Danio,https://eastoceansg.com/products/zebra-danio-test,https://cdn.shopify.com/s/files/1/0430/9870/1992/files/8ec9a119b92996e26ba499e7e5cdb349.jpg?v=1718171328,"Red Danio, Green Danio, Orange Danio, Blue Danio, Purple Danio",Easy,5 cm,6.5 - 8,18°C - 24°C,"3 - 4 years, sometimes up to 5 years",Mostly peaceful when kept in groups of 6 or more with occasional fighting and chasing among the group,Middle to Top levels of the aquarium,"Hard to distinguish male from female when juveniles but as adults, females should develop a more pronounced stomach when carrying eggs."
Horn Nerite Snail,https://eastoceansg.com/products/horn-nerite-snail-6-pcs,https://cdn.shopify.com/s/files/1/0430/9870/1992/products/HornNerite_3a8f0f01-1cf2-46a7-b398-dd3ce15171b8.jpg?v=1647687426,"Horned Nerite Snail, Crown Nerite",Easy - Medium,1.5 - 2 cm,7.0 - 8.0,22°C - 26°C,5 years,Peaceful,,"Unlike Mystery Snails, Nerite Snails do not change gender over time. They are just one gender, male or female, from the time they hatch. It is often difficult, if not impossible to tell the difference between male and females until females lay eggs. Nerite Snails behave, move, and look the same regardless of gender."
Neon Tetra,https://eastoceansg.com/products/neon-tetra,https://cdn.shopify.com/s/files/1/0430/9870/1992/products/neoncopy_5a65947b-6b68-45b5-9123-ef5ff23aebc6.jpg?v=1647685499,Neon Fish,Moderate,4 cm,5 - 7.5,21°C - 26°C,5 - 8 years,Peaceful tropical fish best kept in school of 6 or more,Mostly middle to bottom,Male is usually smaller than a female of the same age
Zebra Nerite Snail,https://eastoceansg.com/products/zebra-nerite-snail-6-pcs,https://cdn.shopify.com/s/files/1/0430/9870/1992/products/zebra_112a545c-04c6-4360-a52c-4dabb23eb096.jpg?v=1647687439,Zebra Nerite Snail,Easy - Medium,2.5 - 3.8 cm,6.5 - 8,18°C - 29°C,1 - 2 years,Peaceful,,"Unlike Mystery Snails, Nerite Snails do not change gender over time.They are just one gender, male or female, from the time they hatch. It is often difficult, if not impossible to tell the difference between male and females until females lay eggs. Nerite Snails behave, move, and look the same regardless of gende"
Cardinal Tetra,https://eastoceansg.com/products/cardinal-tetra,https://cdn.shopify.com/s/files/1/0430/9870/1992/products/cardinalcopy_6d8bf06e-2c08-4c5f-bdbb-dd18f72595d7.jpg?v=1647686466,Cardinal Tetra,Easy,5 cm,5.5 - 7,23°C - 27°C,2 - 5 years,Very peaceful tropical fish best kept in school of 6 or more,Mostly middle to top,The male is usually smaller than a female of the same age.
Pygmy Corydoras,https://eastoceansg.com/products/pygmy-corydoras-5-pcs,https://cdn.shopify.com/s/files/1/0430/9870/1992/products/pygmycopy_59fd610d-39b3-4c44-86d3-46d55e191fa1.jpg?v=1647686100,Pygmy Cory Catfish,Easy,3.5 cm,6.2 - 7.2,22°C - 25°C,years,Peaceful; requires a school of 6 or more to thrive.,Bottom dwellers,"Females are much larger than males, up to nearly a half inch longer. In addition, their body size in overall proportions is much larger. An adult female is probably at least three times the weight of an adult male."
Rummy-nose Tetra,https://eastoceansg.com/products/rummy-nose-tetra,https://cdn.shopify.com/s/files/1/0430/9870/1992/products/rummycopy_4e4e2043-6fe6-4039-94e8-4560afe198d8.jpg?v=1647686841,"Brilliant Rummy Nose Tetra, Firehead Tetra, Red Nose Tetra",Easy - Moderate,5 cm,5.5 - 7,22°C - 27°C,3 - 5 years,Very peaceful tropical fish best kept in school of 6 or more,Middle to bottom,"Can be hard to determine, female may be more full bodied"
Ember Tetra,https://eastoceansg.com/products/ember-tetra-10-pcs,https://cdn.shopify.com/s/files/1/0430/9870/1992/products/embercopy_1298ce7c-0e81-45d3-a238-4c21a0050a98.jpg?v=1647685386,Ember Tetra,Easy,2 cm,5 - 7,24°C - 28°C,2 - 4 years,Should be kept in group of 5 or more to promote schooling,Middle of tank usually,Not sure how to tell males from females
Panda Corydoras,https://eastoceansg.com/products/panda-corydoras-5-pcs,https://cdn.shopify.com/s/files/1/0430/9870/1992/products/panCORYcopy_0b4338b0-f73b-42bc-b8b8-359d4d76c033.jpg?v=1647686226,"Panda catfish, Panda Cory Cat",Easy,3.8 cm,6 - 8,20°C - 25°C,3 - 4 years,Very peaceful,Bottom dwellers,Females have wider bodies and may be a bit larger than males.
Albino Corydoras,https://eastoceansg.com/products/albino-cory-5-for-10,https://cdn.shopify.com/s/files/1/0430/9870/1992/files/1696588777751.jpg?v=1696588851,"Albino Corydoras, Armored Catfish, Plated Catfish",Easy,6 cm,6 - 8,22°C - 26°C,3 - 5 years,Very peaceful,Bottom,Females are larger and rounder than male of same age
Dwarf Gourami,https://eastoceansg.com/products/dwarf-gourami,https://cdn.shopify.com/s/files/1/0430/9870/1992/products/DwarfGourami.jpg?v=1647599587,"Blue, Sunset Gourami, Powder Blue Gourami, Neon","Easy, good for freshwater beginners with a tank that has completed the aquarium nitrogen cycle.",8 cm,6 - 8,25°C - 28°C,3 - 4 years,"Mostly peaceful and hardy, they are good fish for beginners. They have a labyrinth organ that allows them to breathe air. You may see this behavior at the surface of the tank with them.",Middle to top,The male is more colourful while females are usually gray.
Ryukin Goldfish,https://eastoceansg.com/products/ryukim,https://cdn.shopify.com/s/files/1/0430/9870/1992/products/ryukincopy_f1af33e0-f36a-44f7-8f01-6f68f32284ed.jpg?v=1647685869,"Black Moor, Lionhead, Ranchu, Oranda, Ryukin, Panda, etc.",Easy - Moderate depending on variety,"Usually 8 - 13 cm, but can be bigger",6 - 7.5,5°C - 27°C,10 - 30 years and often longer,Very peaceful,All over the tank,Males may have small white spots calledtuberclesaround their gill areas when ready to spawn. Females may be noticeably larger when swelling with eggs and the males may start to chase the females around the tank.
Black Neon Tetra,https://eastoceansg.com/products/black-neon-tetra-10-pcs,https://cdn.shopify.com/s/files/1/0430/9870/1992/products/Black-Neon-Tropical-Tetra.jpg?v=1672830900,Black Neon Tetra,Easy,4 cm,5.5 - 7,23°C - 27°C,2 - 5 years,Very peaceful tropical fish best kept in school of 6 or more,Middle to bottom,"Can be difficult to determine, female may be more full bodied"
Red Cap Oranda Goldfish,https://eastoceansg.com/products/red-cap,https://cdn.shopify.com/s/files/1/0430/9870/1992/products/redcapcopy_9cee5c38-87ab-4b00-ad2d-1c47a8564eb5.jpg?v=1647685740,"Black Moor, Lionhead, Ranchu, Oranda, Ryukin, Panda, etc.",Easy - Moderate depending on variety,"Usually 8 - 13 cm, but can be bigger",6 - 7.5,5°C - 27°C,10 - 30 years and often longer,Very peaceful,All over the tank,Males may have small white spots calledtuberclesaround their gill areas when ready to spawn. Females may be noticeably larger when swelling with eggs and the males may start to chase the females around the tank.
Sterbai Corydoras,https://eastoceansg.com/products/copy-sterbai-corydoras,https://cdn.shopify.com/s/files/1/0430/9870/1992/files/sterbaicopy_314e9e1f-3dac-40b3-9c29-b9e781c5f801.jpg?v=1696588945,"Sterbai Corydoras, Sterbai Cory",Easy,6.8  cm,6 - 8,21°C - 25°C,3 - 4 years,Peaceful small schooling catfish,"Bottom region, among plants and in caves","When looking from top, females will be thicker, wider"
Red Oranda Goldfish,https://eastoceansg.com/products/red-oranda,https://cdn.shopify.com/s/files/1/0430/9870/1992/products/redoranda_af91a4f1-dd00-4a4e-9e37-d12a773b8aec.jpg?v=1647685986,"Black Moor, Lionhead, Ranchu, Oranda, Ryukin, Panda, etc.",Easy - Moderate depending on variety,"Usually 8 - 13 cm, but can be bigger",6 - 7.5,5°C - 27°C,10 - 30 years and often longer,Very peaceful,All over the tank,Males may have small white spots calledtuberclesaround their gill areas when ready to spawn. Females may be noticeably larger when swelling with eggs and the males may start to chase the females around the tank.
Tiger Barb,https://eastoceansg.com/products/tiger-barb-10-for-15,https://cdn.shopify.com/s/files/1/0430/9870/1992/products/tigerbarbcopy_2e0372e2-5a74-4ec3-a3ee-6e2948e9a2bb.jpg?v=1647686941,"Sumatra Barb, Green and Albino, Part belt Barb",Easy,8 cm,6 - 7.5,21°C - 26°C,5 years,They can be semi-aggressive and they do best when kept in a school of 6 or more.,Middle,The female is usually bigger and the male may develop a red colouration on its nose.
"Red Line Torpedo 3-4""",https://eastoceansg.com/products/red-line-torpedo,https://cdn.shopify.com/s/files/1/0430/9870/1992/products/RedLineTorpedo.jpg?v=1647842346,"Bleeding Eye Barb,Denison’s Flying Fox, Red Comet Barb, Red Line Barb, Red Lined Torpedo Fish, Roseline Shark, Torpedo Barb, Miss Kerala",Easy,15 cm,6.8 - 7.8,15°C - 25°C,5+ years,Peaceful with similarly sized fish,Mid Level,"Adult females grow a bit larger, are heavier-bodied, and are sometimes less brightly coloured than males."
Platinum Rummy Nose tetra,https://eastoceansg.com/products/platinum-rummy-nose-tetra,https://cdn.shopify.com/s/files/1/0430/9870/1992/files/84794004e728f35d8dde0f363da04694.jpg?v=1702115575,"Brilliant Rummy Nose Tetra, Firehead Tetra, Red Nose Tetra",Easy - Moderate,5 cm,5.5 - 7,22°C - 27°C,3 - 5 years,Very peaceful tropical fish best kept in school of 6 or more,Middle to bottom,"Can be hard to determine, female may be more full bodied"
Congo Tetra,https://eastoceansg.com/products/congo-tetra,https://cdn.shopify.com/s/files/1/0430/9870/1992/products/CongoTetra.jpg?v=1647592506,Congo Tetra,Easy-Medium,"Males get to 7.6 cm, females are a little smaller",6 - 6.5,24°C - 27°C,"3 - 5 years, possibly longer","Peaceful and tolerant, may nip at delicate and succulent plants. Just don't keep with fish that are robust, hyperactive, and aggressive.",Middle to top,The males have a long dorsal fin and are a little bigger then the females. The females get fuller in the middle when they are mature because they are holding eggs.
Wakin Goldfish ( 3 inches),https://eastoceansg.com/products/wakin-goldfish-3-inches,https://cdn.shopify.com/s/files/1/0430/9870/1992/files/1702379908255.jpg?v=1702380061,"Black Moor, Lionhead, Ranchu, Oranda, Ryukin, Panda, etc.",Easy - Moderate depending on variety,"Usually 8 - 13 cm, but can be bigger",6 - 7.5,5°C - 27°C,10 - 30 years and often longer,Very peaceful,All over the tank,Males may have small white spots calledtuberclesaround their gill areas when ready to spawn. Females may be noticeably larger when swelling with eggs and the males may start to chase the females around the tank.
Starlight Pleco,https://eastoceansg.com/products/starlight-pleco,https://cdn.shopify.com/s/files/1/0430/9870/1992/products/StarlightPleco.jpg?v=1647842100,White Seam Bristlenose Pleco,Easy,10 - 15 cm,5 - 7,26°C - 30°C,8 - 10 years,"Generally solitary, but will socialize somewhat, especially during breeding.",Bottom-dwellers,"Both sexes grow the appendages, but the growth and length is much more pronounced in males."
Green Neon Tetra,https://eastoceansg.com/products/green-neon-tetra,https://cdn.shopify.com/s/files/1/0430/9870/1992/products/GreenNeonTetra.jpg?v=1647593700,False Neon Tetra,Easy,up to 2 cm,5.5 - 6,23°C - 27°C,"2 - 3 years, possibly longer",The Green Neon Tetra gets big and needs to be kept with similar sized species in a large aquarium,Middle to upper levels,Not sure how to tell males from female
Harlequin Rasbora,https://eastoceansg.com/products/harlequin-rasbora-10-pcs,https://cdn.shopify.com/s/files/1/0430/9870/1992/products/H.ras_a5d666c4-d594-4ba1-9f14-533f2c3ad92f.jpg?v=1647686580,"Red Rasbora, Harlequin Fish",Easy - Moderate,5 cm,5.5 - 7,22°C - 27°C,3 - 5 years,Very peaceful,Middle to top,Females are usually larger
Lamp eye Killi Fish,https://eastoceansg.com/products/lamp-eye,https://cdn.shopify.com/s/files/1/0430/9870/1992/products/lampeye_5d85e681-e9ae-4734-8679-b03a53a604a7.jpg?v=1647687069,Lampeye Killifish,Easy,3 - 4 cm,6.5 - 7,23°C - 26°C,2 - 5 years,Peaceful and timid. Must be kept in schools of 6 or more.,Top,Males fins may be slightly more pointed the females
Panda Loach,https://eastoceansg.com/products/panda-loach,https://cdn.shopify.com/s/files/1/0430/9870/1992/products/PANloachcopy_63495f89-ecc5-465b-9a3d-4082a6b92944.jpg?v=1647685620,Panda Loach,Intermediate,5 - 6 cm,6.5 - 7.5,20°C - 23.9°C,years,"Peaceful. Juveniles appear solitary, but adults exhibit schooling behavior.",Bottom dwellers,The female panda cory is larger and has a more rounded underbelly; females are much wider than the male when viewed from above. Often the rounded belly of the female causes their head to sit a bit off the bottom of the tank. Males are sleeker and shorter in length than females.
Dwarf Neon Rainbowfish,https://eastoceansg.com/products/neon-rainbow-tetra,https://cdn.shopify.com/s/files/1/0430/9870/1992/products/NeonRainbowTetra.jpg?v=1647595026,"Dwarf neon rainbowfish, Neon rainbowfish, Dwarf rainbowfish, Praecox rainbowfish",Moderate,6 cm,6 - 8,22°C - 28°C,"Dwarf Neon Rainbowfish can live up to five years in good conditions. On average, they tend to live around 3 years, but that number is very dependent on the care they receive.","Schooling, should be kept in as large of groups as possible. Dominant males may attack or kill subdominant males in small aquariums. Peaceful with most other comparably-sized fish.",Middle/Top,"Males have red fins, Females have yellow and sometimes deep orange fins."
Boesemani Rainbowfish,https://eastoceansg.com/products/boesemani-rainbowfish,https://cdn.shopify.com/s/files/1/0430/9870/1992/files/PXL-20231102_100141277_2.jpg?v=1698993661,Boeseman's rainbowfish,Easy,8 - 11 cm,6 - 8,27 - 30°C,3 - 5 years,Very peaceful,Middle,Maturemales are larger and exhibit brighter colouration than females. They also develop a much deeper body than females as they grow.
Balloon Gourami,https://eastoceansg.com/products/balloon-gourami,https://cdn.shopify.com/s/files/1/0430/9870/1992/files/Screenshot-2024-01-27-16-50-59-922_com.google.android.googlequicksearchbox_2.jpg?v=1706345811,"Blue, Sunset Gourami, Powder Blue Gourami, Neon","Easy, good for freshwater beginners with a tank that has completed the aquarium nitrogen cycle.",8 cm,6 - 8,25°C - 28°C,3 - 4 years,"Mostly peaceful and hardy, they are good fish for beginners. They have a labyrinth organ that allows them to breathe air. You may see this behavior at the surface of the tank with them.",Middle to top,The male is more colourful while females are usually gray.
Blue Axelrodi Rasboras,https://eastoceansg.com/products/blue-axelrodi-rasboras,https://cdn.shopify.com/s/files/1/0430/9870/1992/products/AlxelrodiBlueRasboa.jpg?v=1647848707,Axelrods Rasbora,Intermediate,2 - 5cm,4 - 6.5,22.8°C - 26.1°C,years,Peaceful. Best kept as school of 6+,Middle - Top,"Males are much more colourful usually with more blue on the flanks, are noticeably slimmer than females and also exhibit dark colouration in the anal and ventral fins whereas females have a colourless anal fin."
Golden Tetra,https://eastoceansg.com/products/golden-tetra,https://cdn.shopify.com/s/files/1/0430/9870/1992/products/GoldenTetra.jpg?v=1647591306,"GoldTetra, Golden Tetra.",Beginner - Immediate,5 cm,6 - 7,24°C - 28°C,3 - 4 years,Peaceful,Middle layer,"The analfin of the female has a red hue, and a white leading edge."
Kubotai Rasboras,https://eastoceansg.com/products/kubotai-rasboras,https://cdn.shopify.com/s/files/1/0430/9870/1992/files/rn-image_picker_lib_temp_83ffb7f5-c6c5-45be-bc46-0ad05861a782.jpg?v=1698985729,"Neon Green Rasnora, Green Rasbora",Moderate,2 cm,6 - 7,20°C - 27°C,3 - 7 years,It is a peaceful species. They are found in groups in nature and it is recommended to keep them in groups in aquariums.,MIddle,"Mature females tend to be deeper-bodied and noticeably larger than the more compact, intensely-coloured males."
Balloon Gold Ram,https://eastoceansg.com/products/balloon-golden-ram,https://cdn.shopify.com/s/files/1/0430/9870/1992/products/goldenramballoon.webp?v=1673070656,Balloon Gold Ram,"Medium-Difficult, mostly because it needs a well established tank",5 - 7.5cm,5.5 - 7.0,26-30°C,3 years or longer,"Peaceful, but when breeding, the male guards the eggs and can and will be very aggressive. If there are 2 males in a tank smaller then 30 gallons and without plenty of hiding places, they will show territorial disputes between them.",Middle,"An Adult female is stockier built, her tail has a more round edging and the red patch on her belly is bigger and bolder than the male"
Blue Diamond Discus Fish,https://eastoceansg.com/products/discus-fish,https://cdn.shopify.com/s/files/1/0430/9870/1992/products/Singapore-Cobalt-Blue-Discus-Fish.jpg?v=1689058645,Discus,"Medium-Difficult, mostly because it needs a well established tank",15cm,6.5 - 7.5,27-30°C,3 years or longer,Very peaceful most of the time. They may become territorial when they pair off to breed,Middle,"The genital papilla is pointed in males, and rounded in females. You have to observe them when they are spawning."
Tricolor Angel,https://eastoceansg.com/products/tricolor-angel,https://cdn.shopify.com/s/files/1/0430/9870/1992/products/TricolorAngel.jpg?v=1647835508,"Albino, Black, Gold, Silver, Marbled, Koi, etc - seems there is a common name for each color variety.",Easy,15 cm,6 - 7.5,23°C - 29°C,8 - 10 years,"They are generally peaceful, but can be aggressive eaters and may become territorial while breeding.",All levels of the aquarium.,"There are no visible differences between the male and female. Only at spawing will you be able to tell the male from the female. A female has a round ""tear-drop"" shaped breeding tube and a male has a cone shaped breeding tube."
Blue Angel,https://eastoceansg.com/products/blue-angel,https://cdn.shopify.com/s/files/1/0430/9870/1992/products/BlueAngel.jpg?v=1647836107,"Albino, Black, Gold, Silver, Marbled, Koi, etc - seems there is a common name for each color variety.",Easy,15 cm,6 - 7.5,23°C - 29°C,8 - 10 years,"They are generally peaceful, but can be aggressive eaters and may become territorial while breeding.",All levels of the aquarium.,"There are no visible differences between the male and female. Only at spawing will you be able to tell the male from the female. A female has a round ""tear-drop"" shaped breeding tube and a male has a cone shaped breeding tube."
German Blue Ram,https://eastoceansg.com/products/golden-balloon-ram,https://cdn.shopify.com/s/files/1/0430/9870/1992/products/german-blue-ram.jpg?v=1673069420,German Blue Ram,"Medium-Difficult, mostly because it needs a well established tank",5 - 7.5cm,5.5 - 7.0,26-30°C,3 years or longer,"Peaceful, but when breeding, the male guards the eggs and can and will be very aggressive. If there are 2 males in a tank smaller then 30 gallons and without plenty of hiding places, they will show territorial disputes between them.",Middle,"An Adult female is stockier built, her tail has a more round edging and the red patch on her belly is bigger and bolder than the male"
Albino Tiger Barb,https://eastoceansg.com/products/albion-tiger-barb,https://cdn.shopify.com/s/files/1/0430/9870/1992/files/YWJzOi8vZmlzaHlodWItcHVibGljL3Byb2R1Y3Rpb24vaW52ZW50b3J5LWltYWdlcy9wcm9kdWN0cy9wcm9kXzE2ODk4Mzk4NzEwNTIucG5n.webp?v=1705747869,"Sumatra Barb, Green and Albino, Part belt Barb",Easy,8 cm,6 - 7.5,21°C - 26°C,5 years,They can be semi-aggressive and they do best when kept in a school of 6 or more.,Middle,The female is usually bigger and the male may develop a red colouration on its nose.
Peckoltia sp.pleco,https://eastoceansg.com/products/peckoltia-sp,https://cdn.shopify.com/s/files/1/0430/9870/1992/products/01.jpg?v=1672830414,Peckoltia sp.,Easy,10 - 15 cm,5 - 7,26°C - 30°C,8 - 10 years,"Generally solitary, but will socialize somewhat, especially during breeding.",Bottom-dwellers,"Both sexes grow the appendages, but the growth and length is much more pronounced in males."
Platinum Angel Veiltail,https://eastoceansg.com/products/platinum-angel-veiltail,https://cdn.shopify.com/s/files/1/0430/9870/1992/files/PXL-20231102_100210074_2.jpg?v=1698994011,"Albino, Black, Gold, Silver, Marbled, Koi, etc - seems there is a common name for each color variety.",Easy,15 cm,6 - 7.5,23°C - 29°C,8 - 10 years,"They are generally peaceful, but can be aggressive eaters and may become territorial while breeding.",All levels of the aquarium.,"There are no visible differences between the male and female. Only at spawing will you be able to tell the male from the female. A female has a round ""tear-drop"" shaped breeding tube and a male has a cone shaped breeding tube."
Albino angel,https://eastoceansg.com/products/albino-angeal,https://cdn.shopify.com/s/files/1/0430/9870/1992/files/albino-angel.jpg?v=1706690576,"Albino, Black, Gold, Silver, Marbled, Koi, etc - seems there is a common name for each color variety.",Easy,15 cm,6 - 7.5,23°C - 29°C,8 - 10 years,"They are generally peaceful, but can be aggressive eaters and may become territorial while breeding.",All levels of the aquarium.,"There are no visible differences between the male and female. Only at spawing will you be able to tell the male from the female. A female has a round ""tear-drop"" shaped breeding tube and a male has a cone shaped breeding tube."
Wotroi Corydoras ( L ),https://eastoceansg.com/products/wotroi-corydoras-l,https://cdn.shopify.com/s/files/1/0430/9870/1992/files/1708767315030.jpg?v=1708767541,"Albino Corydoras, Armored Catfish, Plated Catfish",Easy,6 cm,6 - 8,22°C - 26°C,3 - 5 years,Very peaceful,Bottom,Females are larger and rounder than male of same age
Zebra Otocinclus,https://eastoceansg.com/products/orange-zebra-otocinclus,https://cdn.shopify.com/s/files/1/0430/9870/1992/files/1715166148238.jpg?v=1715166300,"Otto, Oto Cat, Dwarf Sucking Catfish, Midget Sucker Fish",Easy,5 cm,6 - 7.5,21°C - 26°C,3 - 5 years,Very peaceful,Mostly middle to top,The male is usually smaller than a female of the same age
Koi (Nishikigoi),,,"Koi, Nishikigoi, Japanese Carp",Moderate,75 - 90 cm,7.0 - 8.5,15°C - 26°C,25 - 50+ years,"Peaceful, highly social, active swimmer",All levels,Females are generally rounder and broader; males develop breeding tubercles on gill covers.
Comet Goldfish,,,"Comet Goldfish, Single-Tail Goldfish",Easy,30 cm,6.8 - 7.8,18°C - 24°C,10 - 15 years,"Fast, hardy, active community swimmer",All levels,Males display small white spots (tubercles) on pectoral fins and gill covers during spawning.
Shubunkin Goldfish,,,"Shubunkin, Calico Goldfish, Speckled Goldfish",Easy,25 - 30 cm,6.8 - 7.8,18°C - 24°C,10 - 15 years,"Peaceful, fast swimmer, hardy calico pond fish",All levels,Females appear fuller-bodied and rounded when carrying eggs.
Fantail Goldfish,,,"Fantail, Double-tail Goldfish",Easy - Moderate,15 - 20 cm,6.5 - 7.5,18°C - 24°C,8 - 12 years,"Peaceful, slower swimmer than single-tail varieties",Middle to Bottom,Females are rounder; males develop white breeding tubercles on gill plates.
Weather Loach / Dojo Loach,,,"Dojo Loach, Weather Loach, Oriental Weatherfish",Easy,20 - 25 cm,6.5 - 7.5,10°C - 25°C,8 - 10 years,"Peaceful bottom scavenger, responds actively to barometric pressure shifts",Bottom,"Males have larger, triangular-shaped pectoral fins."
Rosy Red Minnow,,,"Fathead Minnow, Rosy Red Minnow",Very Easy,5 - 8 cm,7.0 - 8.0,10°C - 26°C,2 - 4 years,"Peaceful schooling dither fish, great mosquito larva eater",Middle to Top,Breeding males develop dark coloration and pad-like spongy structures on their heads.
Golden Orfe,,,"Golden Orfe, Ide",Moderate,40 - 60 cm,6.8 - 8.0,10°C - 22°C,15 - 20 years,"Extremely fast, surface schooling fish requiring high dissolved oxygen",Surface to Middle,Females grow larger and heavier-bodied when mature.
Golden Tench,,,"Golden Tench, Doctor Fish",Easy,30 - 45 cm,6.5 - 8.0,10°C - 24°C,15 - 20 years,"Peaceful, shy bottom dweller, historically believed to heal other fish",Bottom,Males have significantly larger and thicker pelvic fins.
Sailfin Molly,,,"Sailfin Molly, Giant Molly",Easy,10 - 12 cm,7.5 - 8.5,22°C - 28°C,3 - 5 years,"Active, peaceful livebearer, excellent algae and mosquito eater for patio tubs",Middle to Top,Males possess a prominent sail-like dorsal fin and a gonopodium.
Guppy / Endler's Livebearer,,,"Guppy, Rainbowfish, Millions Fish",Very Easy,4 - 6 cm,7.0 - 8.0,22°C - 28°C,2 - 3 years,"Peaceful, rapid livebearer breeder, top-tier mosquito control for container ponds",Top,Males are smaller with vivid coloration and a gonopodium; females are larger and duller.
Paradise Fish,,,"Paradise Gourami, Paradise Fish",Easy - Moderate,8 - 10 cm,6.0 - 8.0,16°C - 26°C,5 - 8 years,"Hardy air-breathing labyrinth fish, can be semi-aggressive toward tankmates",Top,Males feature longer fin filaments and significantly brighter coloration.
Giant Gourami,,,"Giant Gourami, Osphronemus",Easy - Moderate,45 - 60 cm,6.5 - 7.8,20°C - 30°C,10 - 20+ years,"Large, intelligent, mostly peaceful but requires massive pond volume",All levels,Males develop a prominent nuchal hump on their forehead and pointed dorsal/anal fins.
Tinfoil Barb,,,"Tinfoil Barb, Gold Tinfoil",Easy,30 - 35 cm,6.5 - 7.5,22°C - 28°C,8 - 10 years,"Fast, active schooling fish, requires large open swimming areas in outdoor ponds",Middle,Difficult to sex visually; females are slightly rounder when egg-laden.
Common Pleco,,,"Common Plecostomus, Leopard Sailfin Pleco",Easy,30 - 50 cm,6.5 - 7.8,20°C - 28°C,10 - 15+ years,Solitary bottom-dwelling nocturnal algae scraper and scavenger,Bottom,Hard to sex visually; mature males may show small odontodes on pectoral rays.
Ranchu Goldfish,,,"Ranchu, King of Goldfish",Moderate,12 - 18 cm,6.5 - 7.5,18°C - 24°C,6 - 10 years,"Slow swimmer without a dorsal fin, best suited for shallow garden ponds or tubs",Middle to Bottom,Females have rounder bellies; males develop white tubercles on pectoral fins during spawning.
